"","D8S1179","D21S11","D7S820","CSF1PO","D3S1358","TH01","D13S317","D16S539","D2S1338","D19S433","vWA","TPOX","D18S51","D5S818","FGA","population"
"OT07760",21,59,17,21,34,13,22,23,41,30.2,33,19,35,24,47,"Caucasian"
"PT84187",29,55,20,18,33,15.3,23,26,38,27,36,21,35,26,47,"African American"
"UA16921",22,60,19,21,32,16,22,22,46,25,33,21,25,22,40,"Caucasian"
"PT83880",26,61.2,17,20,31,16,21,22,44,27,35,19,28,22,47,"African American"
"Y6",29,63.2,20,24,33,15.3,26,24,43,28,34,16,28,25,43,"Caucasian"
"Y5",31,58,21,23,32,15.3,24,24,42,28,36,18,27,21,45,"Caucasian"
"GT37184",27,56,23,20,33,15,26,19,43,28,36,20,41,22,47,"African American"
"PT84181",27,66,21,22,31,16,23,23,44,30.4,32,16,35,24,42,"African American"
"MT97200",26,60,22,22,31,18.3,22,24,43,29,33,16,34,25,43,"Caucasian"
"UT57318",24,55.2,21,24,31,18.6,23,22,37,27,32,19,34,22,43,"Caucasian"
"UT57288",26,60.2,22,21,33,17.3,20,23,44,28,33,17,33,24,41,"Caucasian"
"MT95098",31,57,18,23,30,15,23,18,49,29.2,32,19,31,25,43,"African American"
"WT51355",26,61.2,18,23,34,16.3,23,24,41,27,30,21,32,22,44,"Caucasian"
"MT97199",29,58,21,22,34,15.3,23,23,38,28,32,20,30,22,46,"Caucasian"
"PT84216",27,60,20,20,31,15,23,25,40,25,31,14,28,25,48,"African American"
"MT94892",28,61.2,18,23,29,15.3,20,21,33,26,37,20,30,21,44,"Caucasian"
"MT95364",25,58,20,24,32,17,23,22,33,24,34,21,26,22,48,"African American"
"MT95104",26,64,19,21,33,13,23,20,43,27,33,14,38,26,47,"African American"
"GT38087",24,58,19,22,35,18.6,20,22,44,27,36,18,32,24,44.2,"Caucasian"
"MT97155",26,61.2,16,25,31,17.3,21,22,34,28,34,16,28,23,41,"Caucasian"
"MT95356",28,58,22,22,33,13,24,21,44,29,34,19,33,24,44,"African American"
"UT58302",27,60.2,21,23,33,18.3,21,21,43,28,33,19,32,20,44,"Caucasian"
"PT84208",28,56,21,22,33,13,24,22,35,28,34,19,32,24,46,"African American"
"UT58310",26,59,17,23,31,12,25,22,43,28,33,19,27,24,51,"Caucasian"
"GT38095",26,58,22,22,30,18.6,22,23,42,29,33,19,34,24,40,"Caucasian"
"UT57299",25,59,20,18,33,15.3,21,25,33,29.2,35,19,27,24,42,"Caucasian"
"PT84198",26,58,19,22,30,15,24,22,44,25,32,17,31,23,47,"African American"
"TT50700",29,62.2,20,21,33,18.6,24,24,41,27,32,18,22,20,45,"Caucasian"
"MT94866",25,59.2,21,23,30,18.6,20,25,34,28,37,17,28,23,44.2,"Caucasian"
"ZT79307",24,56,19,19,31,18.6,24,21,36,26,31,20,35,26,40,"African American"
"MT94818",27,59,19,20,34,15.3,17,22,46,28,34,17,33,23,44,"Caucasian"
"PT84244",24,58,18,20,29,16,23,23,38,23,32,18,33,23,47,"African American"
"MT94853",26,58,18,23,36,16.3,25,24,35,27,34,20,31,24,45,"Caucasian"
"UA16908",26,58,19,22,32,15.3,24,21,42,27,33,17,31,23,45,"Caucasian"
"PT83885",24,61,19,17,32,15,20,23,45,27,35,19,33,22,52,"African American"
"PC16856",30,62.2,19,22,34,15,19,20,47,27.2,35,20,31,23,46,"Caucasian"
"GT38091",25,61,18,23,34,15,22,23,38,27,34,21,33,24,45,"Caucasian"
"MT97177",29,57,22,23,30,16,23,20,33,26,30,17,28,25,45,"Caucasian"
"GT38089",26,60.2,19,21,34,16.3,23,24,40,28,30,17,29,23,43,"Caucasian"
"JT52345",29,62.2,23,25,31,12,24,23,38,30.2,30,20,32,25,47,"Caucasian"
"Y1_A",28,60.2,23,22,31,16.3,23,24,44,30,36,20,37,24,42,"Caucasian"
"Y4",22,60.2,21,23,31,17,24,24,36,29,29,22,29,24,40,"Caucasian"
"WT51373",25,56,19,22,33,17,23,24,47,27,32,19,31,21,43,"Caucasian"
"PT84225",26,62,21,22,35,14,20,21,47,25,30,22,32,24,49,"African American"
"Y2_B",22,61,19,20,30,18,23,25,44,26.2,32,16,24,24,42,"Caucasian"
"OT05599",27,57,17,21,33,14,24,21,37,29,35,19,33,19,47,"African American"
"PT84222",28,58,20,22,30,15,25,19,46,28,35,19,32,26,46.2,"African American"
"GT38100",26,58,22,24,34,16.3,23,23,40,32,33,17,31,24,45,"Caucasian"
"OT05894",29,66,20,17,30,14,25,22,42,25,36,19,29.2,25,48,"African American"
"UT58324",25,61.2,17,24,34,12,23,20,47,27,35,21,24,24,43,"Caucasian"
"UA16891",23,58.2,18,24,30,14,26,23,39,26,34,16,30,21,41,"Caucasian"
"Y8",29,60.2,20,21,35,15,24,18,40,29.2,32,23,28,21,43,"Caucasian"
"MT97141",22,60,22,22,35,12,26,25,45,28,29,18,31,21,45.2,"Caucasian"
"MT97189",24,60,23,22,32,12,22,24,45,26,33,19,28,23,42,"Caucasian"
"UT57302",23,57,21,22,32,17,23,22,37,30,31,17,31,22,45,"Caucasian"
"JT51476",28,59,18,18,32,15,22,23,45,27,33,14,33,22,46,"African American"
"TT50922",28,57,19,22,32,13,26,18,44,27,32,20,36,25,52,"African American"
"UT58295",21,60.2,24,22,31,13,25,22,42,32.2,32,16,29,21,42,"Caucasian"
"UT58305",25,61.2,20,23,31,18.6,24,23,39,27,37,20,33,24,48,"Caucasian"
"PT84241",24,58,20,25,32,13,25,24,44,28.2,36,16,33,23,48,"African American"
"UT58300",26,62.4,21,24,34,15.3,21,21,43,27,33,19,29,24,46,"Caucasian"
"MT95105",28,58,21,23,31,13,26,25,37,25,35,16,34,24,44,"African American"
"TT51698",26,59,21,22,32,18.6,21,23,39,28,33,20,33,24,47,"Caucasian"
"TT51675",25,57,22,23,31,16.3,17,23,34,29,33,19,27,25,41,"Caucasian"
"PT84191",23,63.4,16,22,32,14,24,22,40,26,34,16,30,21,50,"African American"
"PT84202",30,62,23,22,32,14,25,25,38,30.2,32,19,26,22,46,"African American"
"JT51496",26,57,19,22,35,12,24,25,48,27.2,32,16,32,24,48,"African American"
"OT05578",19,60,21,20,29,14,20,19,43,26.4,31,21,29,22,43,"African American"
"UA16895",22,61,22,25,31,16,22,24,43,25,36,20,27,21,46,"Caucasian"
"OT05565",28,58,19,20,33,16,20,21,47,28.2,32,14,28,26,44,"African American"
"UT58314",24,62.2,19,24,32,18.6,20,24,43,28,36,19,26,23,39,"Caucasian"
"WT52493",25,59.2,19,21,30,17.3,16,22,50,31.2,35,16,29,25,43,"Caucasian"
"OT05603",25,56,20,23,32,17.3,25,20,35,27,36,15,33,25,45,"African American"
"TT51693",26,56,19,24,31,12,23,26,43,29,37,16,27,23,44,"Caucasian"
"MT95371",27,62.2,19,22,31,14,23,22,43,24.2,34,19,25,23,46,"African American"
"Y31",26,59,22,24,32,19.3,22,25,36,27,31,19,28,23,43,"Caucasian"
"ZT81372",28,58,17,23,33,15,22,25,43,29,31,17,24,23,43,"Caucasian"
"MT94815",25,59,22,21,33,15.3,21,25,36,30,31,16,27,22,44,"Caucasian"
"MT97152",24,61.2,18,22,34,16,18,24,40,27,35,22,28,25,44,"Caucasian"
"PT83903",24,59.2,21,23,30,17,20,23,41,26.2,32,17,32,26,48,"African American"
"PT83868",27,62,22,24,30,14,20,19,43,27.4,33,17,38,24,46,"African American"
"PT83912",29,56,21,19,34,17.3,23,20,42,25,31,16,32,24,44,"African American"
"JT51178",24,58,22,23,30,18.6,22,25,43,28,35,16,25,24,47.2,"Caucasian"
"OT05594",28,61.2,20,21,33,16,24,22,39,27.2,30,16,36,23,46,"African American"
"GT38092",25,60,21,23,31,18.3,20,21,36,27,31,16,29,23,41,"Caucasian"
"OT05589",31,57,21,19,32,17,23,23,36,27,31,18,36,24,42,"African American"
"PT84179",25,63,24,20,32,14,23,23,40,27,34,23,38,25,47,"African American"
"GT38083",25,58,17,22,32,18.6,22,21,43,27.2,36,17,31,23,44,"Caucasian"
"PT83886",25,61.2,20,20,29,17,23,21,42,27.2,36,21,27,25,50,"African American"
"ZT81381",26,59,19,22,32,14,23,21,41,27,34,17,22,24,45,"Caucasian"
"MT94855",27,59,20,19,30,19,22,24,48,27,37,19,30,23,40,"Caucasian"
"MT94835",21,59.2,21,27,33,17.3,24,19,36,27.2,31,22,35,23,44,"Caucasian"
"WT52457",32,60,20,23,31,15,22,24,42,29,34,16,29,22,43,"Caucasian"
"WA29594",25,60.2,18,23,35,15,23,22,42,28,28,16,27,23,47,"Caucasian"
"GT36886",27,59,21,21,30,17.3,25,22,39,28,34,18,32,24,49,"Caucasian"
"UA16894",24,56,19,22,32,16.3,22,22,42,28,35,19,33,22,41,"Caucasian"
"JT51484",24,57,17,22,33,16.3,23,20,42,28,33,14,34,24,48,"African American"
"ZT79311",29,57,22,23,30,16.3,24,21,43,28,35,21,31,22,47,"African American"
"MT97159",24,64.2,21,23,34,13,25,22,40,29.2,31,16,34,21,46,"Caucasian"
"OT07767",27,58,23,25,33,15.3,19,23,44,27,33,17,35,23,44,"Caucasian"
"Y18_D",27,60.2,19,20,33,18,24,25,46,29,34,21,31.2,26,43,"African American"
"UT58299",28,61.2,19,25,32,14,16,22,40,29,35,22,30,24,42,"Caucasian"
"UT57292",26,61,20,23,33,15,22,22,37,28,34,16,34,23,41,"Caucasian"
"TT50916",28,55,18,17,32,16,24,25,45,27.2,29,21,31,20,45,"African American"
"JA44327",27,62.2,18,22,31,20,20,22,38,26,32,19,29,24,46,"Caucasian"
"PT84192",27,61,22,23,32,16,24,23,47,23,29,14,35,23,46,"African American"
"GT37047",27,59,21,24,30,15,24,23,45,29,31,15,31,24,50,"African American"
"TT51685",26,56,24,24,34,15.3,24,17,39,29,33,23,34,23,43,"Caucasian"
"PT83916",24,58,20,19,30,15.3,23,24,43,29.4,31,19,36,25,46,"African American"
"WT51343",25,59.2,22,23,33,13,24,22,47,28,35,16,30,23,44,"Caucasian"
"PT84234",28,60,21,22,31,13,26,20,41,24,32,12,31,25,44.2,"African American"
"JT51336",23,63,20,20,31,18.3,20,21,47,31.2,30,23,33,22,52.2,"African American"
"MT94848",25,56,20,20,33,18.3,22,23,38,29,34,22,28,24,42.2,"Caucasian"
"Y9",27,66.2,21,22,31,13,25,22,46,28,35,18,32,23,46,"Caucasian"
"JB",26,58,18,20,33,12,25,24,45,26,35,16,30,25,43,"Caucasian"
"JT51478",30,56,20,22,34,16.3,24,18,39,27,30,23,37,24,44,"African American"
"ZT81337",28,61.2,19,24,34,17,24,22,46,30,33,19,26,20,42,"Caucasian"
"PT84211",28,59.2,23,20,32,16.3,24,25,37,32.4,30,17,38,20,43,"African American"
"MT97180",24,60,22,22,33,16.3,20,21,44,28,34,16,31,25,47,"Caucasian"
"WT51342",26,60,21,22,36,18.3,25,25,41,28.2,36,20,27,25,49,"Caucasian"
"PT83899",27,63.2,22,22,33,17.3,20,22,40,28,30,14,33,22,38,"African American"
"PT83535",26,59.2,15,25,29,16.3,25,23,42,28,28,18,31,23,40,"Caucasian"
"WA29572",25,59,18,24,32,16.3,20,21,43,27,31,17,33,27,41,"Caucasian"
"TT51682",23,61.2,20,22,33,15.3,20,24,35,26,36,16,29,23,45,"Caucasian"
"MT97131",22,63.2,20,24,34,16.3,26,21,48,29.2,34,16,27,24,45,"Caucasian"
"OT05587",23,57,20,22,33,16,22,23,44,27,32,21,35,24,46,"African American"
"MT94829",23,64.4,19,23,32,17.3,19,21,46,27,36,17,34,18,42,"Caucasian"
"PT83873",29,63,21,19,34,18.6,23,23,40,26,34,15,36,20,44,"African American"
"PT84230",27,57,20,22,33,14,23,22,41,24,38,16,30,22,43,"African American"
"ZT81377",23,59,18,24,31,14,23,25,47,27,34,19,32,24,42,"Caucasian"
"MT95106",28,61.2,15,22,31,15,23,24,40,28.2,32,18,39,22,42.2,"African American"
"ZT81382",25,59,17,24,32,14,26,23,44,28.2,34,18,31,22,42,"Caucasian"
"PT83870",26,55,21,22,31,15,23,21,47,25,31,16,32,25,51,"African American"
"MT97125",21,60,24,23,29,16.3,19,25,43,29.2,35,19,30,24,48,"Caucasian"
"PT83538",27,62.2,19,20,34,17.3,16,23,33,28,36,19,32,24,48,"Caucasian"
"GT38070",26,61.2,23,25,34,18.6,27,25,38,25,35,16,28,24,41,"Caucasian"
"MT94834",19,57,17.1,20,31,15,20,23,41,28.2,35,20,28,20,43.2,"Caucasian"
"UT57293",29,58,22,24,32,18,26,23,38,30,32,20,26,20,45,"Caucasian"
"WA29583",28,62.2,19,20,34,13,21,20,37,27,33,20,27,25,41,"Caucasian"
"OT05888",27,67.2,20,21,32,15,22,23,38,23,34,19,36,25,39,"African American"
"Y17",29,58,18,22,33,16.3,24,24,36,26,33,19,31,26,49,"African American"
"PT84245",26,61.2,20,23,30,14,27,22,49,29.4,32,17,29,24,47,"African American"
"TT51677",28,62.2,20,24,34,15,17,18,40,24,33,16,33,24,43,"Caucasian"
"PT84227",27,63.4,21,18,32,14,23,20,38,26,31,17,34,21,42,"African American"
"JT51494",29,62.2,22,21,31,14,27,21,47,29.2,32,18,34,23,46,"African American"
"PT84226",28,60.2,20,23,32,17.3,20,23,48,27,33,19,34,23,49,"African American"
"JT51488",25,56,21,23,31,16,24,21,43,28.2,32,19,35,23,48,"African American"
"Y19",30,56,22,21,30,16,24,20,39,26,31,16,34,26,42,"African American"
"PT83896",30,61,21,21,30,14,23,25,42,26,33,14,36,22,49,"African American"
"GT38097",23,59,19,24,35,15.3,24,20,46,28,33,16,30,24,43,"Caucasian"
"ZT79618",28,55,15,24,32,17,24,24,43,29.2,35,18,31,25,44,"African American"
"MT97167",24,63.2,22,25,31,14,24,25,38,25,32,23,30,25,40,"Caucasian"
"ZT79306",29,56,21,21,34,15,25,19,41,27,30,16,29,24,47,"African American"
"OT05576",26,59,21,19,33,15,23,18,35,27.2,36,16,33,24,44,"African American"
"WT51510",25,57,18,24,30,17.3,21,26,40,25.2,33,16,33,26,49,"African American"
"JM28315",28,58,23,22,32,18.6,20,22,46,28,33,22,28,22,47,"Caucasian"
"UT58320",23,62.2,18,23,30,12,21,24,43,28,30,19,32,24,47,"Caucasian"
"UT57635",27,61.2,21,24,31,13,22,23,46,30.4,35,17,31,25,43,"Caucasian"
"TT50697",27,65.2,16,24,32,18.6,17,24,47,28,34,16,29,24,42,"Caucasian"
"Y36",22,60,17,22,33,13,24,20,36,27.2,35,16,31,25,39,"African American"
"GT38066",26,60,22,25,34,18,16,21,41,26,34,17,28,21,45,"Caucasian"
"TT51689",26,57,22,22,32,13,20,21,36,29.2,34,22,26,22,44,"Caucasian"
"ZT79341",29,58,18,17,35,13,23,23,47,27,32,15,35,24,44,"African American"
"MT94893",25,60.2,21,24,31,15,21,23,41,29,33,21,28,25,43,"Caucasian"
"PT83879",30,60,17,22,31,17,24,20,37,27,30,23,32,24,45,"African American"
"OT05582",27,62.2,20,20,34,17,22,22,39,29.2,32,19,28,23,41,"African American"
"MT95087",27,58.2,16,23,32,15,24,20,47,25.2,33,14,33,25,53,"African American"
"UT57301",27,56,19,23,31,12,16,23,49,28,35,16,32,24,48,"Caucasian"
"ZT79620",28,57,20,24,31,16,21,21,45,28.4,33,17,32,20,45,"African American"
"UT57303",25,59,22,22,32,17,24,21,39,26,33,19,27,24,43,"Caucasian"
"MT97184",25,58,24,21,29,17.3,20,20,41,25,35,19,29,25,45,"Caucasian"
"PT84248",29,62,22,22,30,15.3,23,23,44,26,34,17,33,24,44,"African American"
"MT94803",29,60.2,18,24,33,18.6,23,23,34,26,32,17,32,24,48,"Caucasian"
"PT83871",28,66.2,21,21,31,15,23,22,40,30.4,28,16,34,24,50,"African American"
"GT37170",29,56,21,26,31,17.3,22,22,47,27,34,12,30,23,45,"African American"
"WT51546",27,56,19,20,30,14.3,19,19,42,28,32,16,32,24,48,"African American"
"PT84231",29,56,17,23,32,16,24,25,41,24.2,34,19,31,21,46,"African American"
"OT06795",28,59,22,24,34,16,17,25,44,29.2,35,17,27,24,49,"African American"
"PT83904",29,61,20,19,33,17.3,25,21,39,26,34,16,36,21,46,"African American"
"Y32",24,59,20,25,31,15.3,25,25,40,30,33,16,39,23,43,"Caucasian"
"ZT79328",27,59,18,17,31,14,25,22,41,27.2,32,22,31,21,47,"African American"
"UA16899",23,57,21,23,32,12,23,25,48,28,33,22,31,22,39,"Caucasian"
"MT97166",28,59,21,24,32,15.3,24,22,37,28,34,16,31,24,43,"Caucasian"
"PT83866",28,64.4,20,22,32,15,22,18,49,27.2,33,14,32,26,39.2,"African American"
"UA16897",26,62.2,18,25,32,18.6,20,23,40,26,37,17,32,22,46,"Caucasian"
"Y16",28,58,18,20,32,16.3,24,21,36,26,32,19,34,25,44,"African American"
"JT51471",25,61.2,18,23,31,13,24,22,42,21,32,16,32,22,59.2,"African American"
"MT95372",23,63,20,19,32,12,25,20,45,25,34,18,30,18,43,"African American"
"JT51486",28,64.4,18,18,32,14,22,24,42,29.2,34,20,38,20,45,"African American"
"UA16924",27,60,18,24,34,16,23,23,40,26,36,17,28,24,45,"Caucasian"
"PT83978",30,57,17,20,34,14,23,21,42,25.2,33,15,32,24,46,"African American"
"ZT81342",25,62.2,19,20,33,16,16,24,44,23,32,23,34,24,43,"Caucasian"
"MT94869",27,58,22,24,32,15,23,25,43,29,31,16,34,23,43,"Caucasian"
"PT83876",26,57,18,22,31,13,24,23,44,27.2,37,20,29,21,43,"African American"
"PT84252",27,56,18,20,33,16,23,21,41,30,35,20,27,21,45,"African American"
"PT84180",28,56,22,19,33,14,24,25,44,29.2,33,19,33,25,48,"African American"
"GC03394",24,61,23,22,33,13,22,25,37,29,35,16,32,23,42,"Caucasian"
"GT36885",24,57,17,21,36,13,23,24,46,26,37,19,31,23,40,"Caucasian"
"PT84178",27,56,21,23,35,16.3,24,23,41,27,33,20,30,21,45,"African American"
"PT83895",30,57,19,25,32,17.3,23,17,44,24,30,19,29,23,53,"African American"
"PT84249",26,59,17,19,33,13,24,19,38,26,34,16,34,24,48,"African American"
"PT84190",28,62.2,20,23,31,13,22,23,39,26,30,19,29,23,42,"African American"
"MT94833",25,61,21,23,26,16.3,23,24,34,28,35,19,28,19,45,"Caucasian"
"WT51359",30,59.2,22,24,29,18.3,26,24,41,29,33,22,33,26,45,"Caucasian"
"OT05897",26,57,16,25,34,15,23,24,37,28.2,34,22,32,24,45,"African American"
"PT83909",28,60,22,24,31,15,26,26,44,24,35,18,29,26,40,"African American"
"PT84215",26,63.2,17,18,31,17.3,24,20,42,27,30,19,31,24,44,"African American"
"WA29612",26,58,23,23,31,15.3,24,23,32,27,33,19,26,24,45.2,"Caucasian"
"JT51483",27,58.2,23,22,33,16,24,19,42,25,36,22,38,24,45,"African American"
"PT84209",23,58,17,20,31,13,23,21,41,29.2,31,17,34,22,46,"African American"
"JT52346",27,59,19,26,33,13,24,22,38,30,31,20,28,23,47,"Caucasian"
"OT05598",27,60,23,23,33,18,23,23,46,26.2,34,19,26,25,41,"African American"
"Y13_C",30,56,22,20,31,14,22,22,40,23.2,31,19,34,24,44,"African American"
"UT58301",28,59.2,21,23,31,16.3,22,21,40,28,33,18,30,25,48,"Caucasian"
"PT83920",27,56,16,22,33,15,25,20,37,27,34,14,33,24,48,"African American"
"JT51335",27,58,21,22,32,16.3,22,25,43,28.2,31,15,32,21,50,"African American"
"TT51669",23,59,19,23,32,13,18,24,45,29,31,19,28,23,50,"Caucasian"
"TT51679",29,61.2,22,22,30,15.3,25,26,43,27,32,16,27,23,42,"Caucasian"
"ZT81380",24,59.2,18,22,34,13,23,23,35,28,33,16,29,23,43,"Caucasian"
"PT84228",27,59.2,18,23,32,16,23,22,43,25.2,35,18,32,22,50,"African American"
"OT05588",22,57.2,21,24,31,17,25,20,47,28.2,32,19,39,24,50,"African American"
"UT58298",25,61.2,20,24,30,15.3,23,25,39,28,35,19,37,22,47,"Caucasian"
"MT94886",24,62.4,21,25,30,15.3,25,21,44,26.2,34,20,27,21,46,"Caucasian"
"JT51475",25,59,22,17,34,15,24,21,35,28,33,14,29,25,42,"African American"
"TT50708",28,60.2,22,21,36,15.3,24,21,49,27,32,20,31,22,43,"Caucasian"
"MT97156",25,65.4,23,24,33,18.6,24,26,43,28,34,19,37,25,49,"Caucasian"
"MT95362",28,57,21,18,32,16,22,22,47,27.2,31,19,34,25,44.2,"African American"
"MT97196",29,58.2,21,21,33,18.6,24,21,45,29,32,16,29,24,40,"Caucasian"
"Y12",26,60.2,20,23,34,16.3,17,25,36,31,34,22,32,24,43,"Caucasian"
"UC10178",24,60.2,18,21,35,18.6,20,25,50,26,28,16,33,22,45,"Caucasian"
"PT84177",28,58,18,17,31,14,23,21,41,27.2,33,16,29,21,49,"African American"
"TT51683",23,58,21,22,30,15,26,20,41,28,31,17,30,25,43,"Caucasian"
"PT84232",27,55,18,19,31,14,25,23,40,27.2,34,17,34,19,45,"African American"
"GT37166",23,58,17,23,32,15,26,18,48,25,32,19,26,24,45,"African American"
"MT94868",26,59.2,19,24,33,18.6,20,21,45,28,30,19,29,22,43,"Caucasian"
"OT05890",32,62.2,19,15,33,15,22,23,41,27,34,17,30,23,43,"African American"
"GT37019",29,58,21,23,32,13,23,22,33,28,34,17,35,23,47,"African American"
"PT83864",27,58,21,22,31,13,24,19,40,26,31,19,36,26,48,"African American"
"OT05597",28,64,17.3,21,30,16.3,24,21,40,25,32,21,25,22,49,"African American"
"OT07753",28,59,22,23,33,15,21,21,37,25,34,18,23,21,45.2,"Caucasian"
"JT51468",27,61.2,21,17,33,13,22,21,39,26,33,18,27,24,46,"African American"
"PT84210",27,65.4,17,22,31,14,25,20,37,25,33,16,31,25,42,"African American"
"PT83869",32,68.2,19,24,30,14,25,23,43,29.2,33,19,30,22,43,"African American"
"PT83882",28,56,18,23,30,15,23,24,41,29.2,34,19,33,23,46,"African American"
"TT51702",27,58,20,24,30,18.3,23,23,46,28.2,34,19,31,21,47,"Caucasian"
"PT86478",22,57,16,21,34,15.3,23,24,50,31,30,16,30,21,40,"Caucasian"
"Y37",24,58.2,18,22,31,13,22,24,44,23,36,17,31,24,45,"African American"
"OT05892",26,64,20,19,33,15,24,21,49,27,34,19,30,22,47,"African American"
"GT36884",22,58,18,21,30,16.3,22,20,41,27,35,19,29,23,47,"Caucasian"
"ZT79322",27,59,20,21,34,15.3,20,23,38,28.2,34,20,27,24,47,"African American"
"WT51499",19,62.2,20,24,33,14,20,22,46,26.2,29,17,30,26,40,"African American"
"MT94817",26,61.2,19,22,33,17.3,24,23,50,28,36,18,32,23,38,"Caucasian"
"GT36864",26,63.4,20,22,31,16.3,22,23,38,27,34,20,33,21,40,"Caucasian"
"GT37169",30,61.2,20,18,33,15,24,20,39,29.2,29,14,32,25,49,"African American"
"Y34",28,58,23,20,32,14,25,22,46,25,30,15,27,23,43,"African American"
"WA29566",28,57,19,21,31,13,20,24,41,28,32,19,32,20,39,"Caucasian"
"OT05592",26,62.2,20,19,34,16.3,21,21,41,26.2,33,17,34,22,48,"African American"
"Y14",29,60.2,18,23,30,16,23,19,38,25,33,19,32,21,46,"African American"
"WT52477",27,65.4,21,22,32,13,20,27,49,27,36,19,35,21,45,"Caucasian"
"JT51477",30,57,20,20,30,14,24,20,39,25.2,33,16,29.2,26,53,"African American"
"OT07785",22,60.2,24,23,33,13,22,18,34,27,33,16,28,24,43,"Caucasian"
"PT84201",27,61,18,22,29,14,23,21,36,28.4,36,17,31,26,47,"African American"
"MT97173",29,59,18,24,30,16.3,24,23,41,28,32,22,29,25,43,"Caucasian"
"JT51211",23,60,17,22,36,15.3,27,20,45,27,34,16,38,22,43,"Caucasian"
"UT58315",29,62.2,21,23,32,18.6,22,25,41,25,36,18,34,22,48,"Caucasian"
"OT05901",29,55,18,21,33,14,19,19,48,31.4,36,17,36,23,45,"African American"
"MT95102",30,63.2,22,21,31,16.3,23,20,44,30,35,16,31,24,49,"African American"
"MT94826",26,61,21,23,30,16,24,24,48,30,35,16,27,25,50,"Caucasian"
"MT94883",21,61,23,24,32,16.3,22,24,46,25,35,19,35,22,47,"Caucasian"
"ZT79327",29,62.2,19,23,31,15,22,24,44,26.2,30,18,35,20,45,"African American"
"GT38067",22,59,19,25,34,16.3,23,22,49,27,31,16,36,23,46,"Caucasian"
"PT83865",28,61.2,16,18,31,17,25,25,42,25,37,17,37,24,45,"African American"
"MT95368",26,68,21,17,31,15,23,24,43,28.2,35,16,31,24,40,"African American"
"PT84239",27,61,22,25,33,15,25,21,41,26,35,18,35,22,47,"African American"
"PT83874",26,58,22,21,31,12,22,21,36,24,36,19,32,24,40.2,"African American"
"PT83883",25,57,20,23,31,13,25,26,40,26,37,21,34,24,45,"African American"
"WT51345",27,58,18,23,31,16.3,22,23,49,25,36,16,26,22,42,"Caucasian"
"OT05575",29,57,18,22,32,16,20,24,39,27,31,21,33,22,41,"African American"
"MT94888",27,59.4,18,21,31,18.6,17,25,37,31.2,33,19,29,23,44,"Caucasian"
"JT51495",28,57,18,21,32,17,24,20,42,29.2,34,17,37,23,49,"African American"
"JT51334",25,63,21,22,31,13,23,21,47,27,34,18,36,24,45,"African American"
"MT97122",20,60.2,20,22,34,14,25,23,44,29,33,20,27,22,38,"Caucasian"
"PT83878",25,64,21,19,31,16,24,17,48,25,38,15,33,17,49,"African American"
"MT97163",24,62.2,21,19,32,18,25,20,45,29,34,16,24,22,45,"Caucasian"
"MT97123",22,59,16,23,35,18.6,22,25,41,26,31,21,33,22,47,"Caucasian"
"WT51358",24,61,24,23,32,16.3,23,22,45,27,31,20,42,20,38,"Caucasian"
"GT38073",28,60.2,21,24,34,18.6,25,22,35,26,35,22,32,22,43,"Caucasian"
"MT95357",30,61.2,17,23,32,16.3,21,23,42,26.2,31,21,31,21,39.2,"African American"
"ZT79336",29,60,18,21,31,15,23,18,46,26.4,31,19,26,23,48,"African American"
"OT05896",29,60,20,23,32,17,24,22,42,28,33,18,36,23,44,"African American"
"PT83902",30,67,20,23,30,15,24,24,39,29,30,22,24,25,47,"African American"
"TT51694",27,60,19,22,32,13,23,23,37,30,33,16,31,24,43,"Caucasian"
"GT37179",24,56,17,22,34,16.3,24,24,38,26,29,22,38,24,43,"African American"
"WT51381",26,60,20,24,32,12,19,20,43,30,33,17,30,26,46,"Caucasian"
"MT97172",28,60,21,23,30,14,23,21,39,29.2,34,16,34,23,46,"Caucasian"
"PT83892",31,59,21,21,33,15.3,24,18,44,28.2,35,17,33,23,41,"African American"
"WT51556",24,64,21,22,31,14,23,17,40,29,34,17,35,24,44,"African American"
"JT51487",28,57,22,24,32,15,24,25,42,26.2,36,14,35,22,46,"African American"
"UT58336",23,62.2,24,26,30,18.3,25,25,42,30,33,17,32,26,46,"Caucasian"
"WT51378",26,61,18,20,33,15,20,20,40,26,32,16,27,22,42,"Caucasian"
"TT50720",26,61.2,20,20,32,16.3,20,22,47,28,32,16,35,23,45,"Caucasian"
"GT37175",30,59,16,20,31,16,25,23,46,29.4,31,19,36,22,50,"African American"
"MT94877",23,64.4,18,23,36,18.3,23,23,37,25,35,18,31,23,43.2,"Caucasian"
"WT52485",27,58,21,21,34,16,23,20,36,28.2,34,25,36,23,40,"Caucasian"
"GT38078",27,60.2,19,22,31,15,21,22,49,27,35,19,25,26,45,"Caucasian"
"TT50698",25,61.2,20,24,30,17,19,23,35,27,33,19,28,22,49,"Caucasian"
"OT07803",29,59,23,21,32,17,25,25,45,28,35,21,29,24,45,"Caucasian"
"UT58321",28,56,21,23,30,18.6,22,25,42,29,33,16,28,22,46,"Caucasian"
"MT95095",27,57,22,21,32,13,24,23,37,22,33,20,36,21,50,"African American"
"GT38069",28,58,17,24,34,18.6,21,26,40,29,34,19,27,23,42,"Caucasian"
"ZC08844",25,58,21,25,31,17.3,23,23,39,27,30,16,33,23,43,"Caucasian"
"PT83919",25,58,22,24,32,16,27,23,37,25,32,14,29,22,46,"African American"
"WT52470",26,59,23,23,33,12,20,20,39,32,33,17,34,22,43,"Caucasian"
"GT37168",26,63,23,22,32,16,25,23,42,26.2,32,19,38,24,44,"African American"
"PT83897",29,60,20,21,32,16.3,25,21,39,24.2,31,15,33,27,48,"African American"
"PT83860",31,56,16,18,30,13,25,21,48,29.2,32,16,36,25,45,"African American"
"JT51493",26,60.2,19,23,29,18,22,17,35,23,34,16,38,24,46,"African American"
"MT95373",27,57,21,21,32,17,26,23,46,24,34,18,32,23,47,"African American"
"PT84189",27,60,17,23,30,16,22,22,42,27.4,33,19,32,20,46,"African American"
"JT51331",29,57,22,22,31,16,23,23,37,29.2,32,20,31,25,46,"African American"
"JT51462",31,59,21,23,30,14,22,21,40,29.2,32,22,33,24,44,"African American"
"GT38119",28,60.2,18,22,33,18.6,26,24,44,27,34,17,26,23,43,"Caucasian"
"MT94880",26,57,21,24,28,16.3,23,23,45,25,32,22,32,23,45,"Caucasian"
"PT83863",25,59,20,25,31,16,24,21,35,27.2,31,19,34,25,47,"African American"
"GT36878",24,62.2,21,22,33,18.6,24,19,35,28,35,19,30,20,42,"Caucasian"
"OT05600",30,62.2,23,22,32,15,24,24,36,24,33,19,30,22,39,"African American"
"OT05899",27,60.2,23,18,29,14,24,20,41,28.2,33,17,31,19,44,"African American"
"UT57287",21,58,19,21,32,12,21,25,45,29,33,20,27,24,43,"Caucasian"
"JT51489",28,59,20,22,30,16,26,23,39,28.2,33,19,31,25,52,"African American"
"PT84200",28,62,17,22,30,14,22,22,41,27,28,14,32,22,40.2,"African American"
"PT84242",26,60,19,19,33,16.3,24,19,48,27.2,31,17,29,24,48,"African American"
"TT51684",28,58.2,16,24,33,14,17,24,40,29.2,32,19,28,24,40,"Caucasian"
"WT52486",26,61.2,19,22,30,16.3,24,24,41,29,33,17,29,22,43,"Caucasian"
"GT38106",25,57,17,21,32,16.3,20,23,37,32,34,16,32,23,44,"Caucasian"
"MT95114",27,59,21,21,32,13,20,17,50,28.2,33,15,27,21,48,"African American"
"PT84254",26,64,19,17,31,14,23,19,45,25,34,19,33,16,47,"African American"
"MT97136",26,60,19,20,30,18,23,25,41,29,34,20,33,23,42,"Caucasian"
"PT84213",27,55,17,24,31,14,25,23,38,29,35,19,31,23,45,"African American"
"OT05893",27,58,20,22,31.2,16,22,23,42,28,33,17,32,21,50,"African American"
"MT97150",26,60,20,25,33,16.3,25,24,42,25,32,18,26,21,47,"Caucasian"
"MT94846",26,60,20,23,31,16.3,22,21,41,28,36,19,37,23,45,"Caucasian"
"PT84224",28,61,20,22,31,14,23,17,42,29,32,22,33,24,48,"African American"
"ZT79617",28,65.3,19,22,30,17,24,20,45,28.2,31,17,26,23,42,"African American"
"MT94827",26,59,19,24,33,16,24,24,44,29,39,22,33,23,49.2,"Caucasian"
"PT83875",25,58,18,23,32,13,24,22,40,28.2,32,15,39,24,41,"African American"
"JT51481",28,60,22,24,30,15,22,22,43,27.2,34,15,37,23,47,"African American"
"PT83872",29,67.2,21,24,33,13,24,20,40,26,32,16,37,20,47,"African American"
"UT58303",26,60,18,21,33,16.3,21,21,43,28,31,17,32,22,44,"Caucasian"
"MT97187",23,58,19,22,32,18.6,23,25,42,27,33,16,31,24,44,"Caucasian"
